Row Labels,Sum of Total Damage Description,Sum of Total Houses Destroyed Description,Sum of Total Houses Damaged Description
-2000,4,,
SYRIA,4,,
-1610,3,,
GREECE,3,,
-1365,3,,
SYRIA,3,,
-1300,,,
TURKEY,,,
-760,,,
ISRAEL,,,
-590,,,
LEBANON,,,
-525,,,
LEBANON,,,
-480,,,
GREECE,,,
-479,,,
GREECE,,,
-426,3,3,
GREECE,3,3,
-373,3,3,
GREECE,3,3,
-330,,,
GREECE,,,
-326,1,,
INDIA,1,,
-227,1,1,
GREECE,1,1,
-226,,,
GREECE,,,
-223,,,
GREECE,,,
-216,2,1,
SPAIN,2,1,
-210,,,
PORTUGAL,,,
-198,,,
GREECE,,,
-150,,,
SRI LANKA,,,
-138,,,
ISRAEL,,,
-60,3,,
PORTUGAL,3,,
-58,,,
ALBANIA,,,
-50,4,,
BULGARIA,2,,
GEORGIA,2,,
-47,,,
CHINA,,,
-23,,,
EGYPT,,,
46,,,
GREECE,,,
62,,,
GREECE,,,
68,,,
TURKEY,,,
76,3,3,
CYPRUS,3,3,
79,,,
ITALY,,,
103,,,
UKRAINE,,,
115,4,,
TURKEY,4,,
120,,,
TURKEY,,,
123,1,2,
SOUTH KOREA,1,2,
142,3,3,
GREECE,3,3,
171,,,
CHINA,,,
173,,,
CHINA,,,
177,2,,
ITALY,2,,
258,3,4,
ITALY,3,4,
262,2,3,
TURKEY,2,3,
315,,,
DEAD SEA,,,
342,,,
CYPRUS,,,
344,,,
TURKEY,,,
346,2,3,
ALBANIA,2,3,
348,3,,
LEBANON,3,,
358,3,3,
TURKEY,3,3,
362,3,,
JORDAN,3,,
365,4,3,
GREECE,4,3,
368,,,
TURKEY,,,
382,,,
PORTUGAL,,,
407,1,,
TURKEY,1,,
416,4,,
INDONESIA,4,,
426,,,
GREECE,,,
447,3,3,
TURKEY,3,3,
450,,,
TURKEY,,,
478,,,
TURKEY,,,
543,3,,
TURKEY,3,,
551,8,4,
GREECE,4,4,
TURKEY,4,,
552,,,
GREECE,,,
554,2,2,2
GREECE,2,2,2
555,,,
GREECE,,,
557,,,
TURKEY,,,
558,,,
GREECE,,,
TURKEY,,,
684,3,,
JAPAN,3,,
701,3,,
JAPAN,3,,
704,,,
JAPAN,,,
720,,,
UK,,,
740,3,3,
TURKEY,3,3,
744,3,3,
JAPAN,3,3,
745,,,
JAPAN,,,
746,3,,
SYRIA,3,,
765,,,
JAPAN,,,
766,,,
JAPAN,,,
792,,,
ITALY,,,
799,,,
JAPAN,,,
800,,,
GREECE,,,
803,1,,
TURKEY,1,,
818,,,
JAPAN,,,
842,1,,
UK,1,,
850,2,,
JAPAN,2,,
855,,,
JAPAN,,,
859,,,
TURKEY,,,
863,3,3,
JAPAN,3,3,
869,4,3,
JAPAN,4,3,
881,3,3,3
ISRAEL,,,
SPAIN,3,3,3
887,3,,
JAPAN,3,,
900,3,2,
INDIA,3,2,
922,,,
JAPAN,,,
957,,,
IRAN,,,
963,,,
ITALY,,,
975,,,
TURKEY,,,
986,,,
TURKEY,,,
991,,,
SYRIA,,,
1008,4,,
IRAN,4,,
1026,3,4,
JAPAN,3,4,
1033,3,3,
SYRIA,3,3,
1039,3,3,
TURKEY,3,3,
1050,,,
GREECE,,,
1065,,,
TURKEY,,,
1068,4,4,
ISRAEL,4,4,
1076,1,1,
CHINA,1,1,
1088,,,
JAPAN,,,
1092,,,
JAPAN,,,
1096,2,3,
JAPAN,2,3,
1099,1,,
JAPAN,1,,
UK,,,
1106,,,
ITALY,,,
1112,,,
ITALY,,,
1114,,,
ITALY,,,
1134,,,
NORTH SEA,,,
1169,3,3,
ITALY,3,3,
1172,,,
ITALY,,,
1202,4,4,
SYRIA,4,4,
1222,3,,
CYPRUS,3,,
1231,1,1,
TURKEY,1,1,
1241,1,,
JAPAN,1,,
1257,1,,
JAPAN,1,,
1265,,,
TURKEY,,,
1270,,,
GREECE,,,
1273,,,
ALBANIA,,,
1293,3,,
JAPAN,3,,
1303,3,3,3
GREECE,3,3,3
1321,,,
ITALY,,,
1329,1,1,
ITALY,1,1,
1331,,,
JAPAN,,,
1332,,,
TURKEY,,,
1341,,,
JAPAN,,,
UKRAINE,,,
1343,4,3,
ITALY,1,,
TURKEY,3,3,
1348,2,,
ITALY,2,,
1360,,,
JAPAN,,,
1361,4,4,
JAPAN,4,4,
1365,3,3,
ALGERIA,3,3,
1389,,,
GREECE,,,
1402,,,
GREECE,,,
SYRIA,,,
1403,,,
GREECE,,,
JAPAN,,,
1406,,,
JAPAN,,,
1407,,,
NORTH KOREA,,,
1408,3,,
JAPAN,,,
TURKEY,3,,
1419,,,
TURKEY,,,
1420,,,
JAPAN,,,
1433,3,,
JAPAN,3,,
1434,1,,
SOUTH KOREA,1,,
1437,,,
GREECE,,,
1448,2,,
JAPAN,2,,
1456,4,4,
ITALY,4,4,
1481,3,,
GREECE,3,,
1489,,,
TURKEY,,,
1494,2,2,
GREECE,2,2,
1495,1,1,
JAPAN,1,1,
1498,8,7,
JAPAN,5,4,
VENEZUELA,3,3,
1500,,,
JAPAN,,,
USA,,,
1504,,,
PORTUGAL,,,
1508,,,
GREECE,,,
1509,4,4,
CHINA,,,
TURKEY,4,4,
1510,1,,
JAPAN,1,,
1511,3,3,
ITALY,3,3,
1512,,,
JAPAN,,,
1513,,,
PERU,,,
1519,,,
SOUTH KOREA,,,
1520,1,2,
JAPAN,1,2,
1521,,,
JAPAN,,,
1522,6,3,4
PORTUGAL,3,3,4
SPAIN,3,,
1524,1,,
INDIA,1,,
1530,2,3,
VENEZUELA,2,3,
1531,4,4,
CHINA,1,,
PORTUGAL,3,4,
1534,,,
ISRAEL,,,
1537,3,,
MEXICO,3,,
1538,,,
ITALY,,,
1539,2,1,
HONDURAS,2,1,
1540,,,
USA,,,
1541,1,,
VENEZUELA,1,,
1542,3,,
ITALY,3,,
1543,3,,
VENEZUELA,3,,
1545,,,
JAPAN,,,
1546,3,3,
ISRAEL,3,3,
1550,1,,
INDONESIA,1,,
1556,,,
SOUTH KOREA,,,
1562,3,,
CHILE,3,,
ITALY,,,
JAPAN,,,
1564,4,,
FRANCE,4,,
1570,3,3,
CHILE,3,3,
GREECE,,,
1571,,,
HOLLAND,,,
JAPAN,,,
TURKEY,,,
1575,3,2,
CHILE,3,2,
1579,,,
COSTA RICA,,,
1580,,,
NORTH KOREA,,,
UK,,,
1582,3,4,
PERU,3,4,
1584,4,2,3
PERU,1,,1
SWITZERLAND,3,2,2
1585,1,,
GREECE,1,,
JAPAN,,,
1586,3,7,
JAPAN,,4,
PERU,3,3,
1587,2,,
PERU,2,,
1589,3,3,
JAPAN,3,3,
1590,2,2,
PERU,2,2,
1591,1,1,
PORTUGAL,1,1,
1594,,,
ITALY,,,
1596,3,2,
JAPAN,3,2,
1597,1,,
JAPAN,,,
RUSSIA,1,,
1598,4,4,
TURKEY,4,4,
1601,2,2,2
GREECE,,,
SWITZERLAND,2,2,2
1602,,,
JAPAN,,,
1603,,,
JAPAN,,,
1604,6,6,
CHINA,3,3,
GREECE,,,
PERU,3,3,
1605,10,9,4
CHINA,4,4,4
JAPAN,6,5,
1606,,,
JAPAN,,,
1607,3,,
UK,3,,
1608,4,3,
INDONESIA,1,,
IRAN,3,3,
1609,,,
GREECE,,,
UK,,,
1611,3,,
JAPAN,3,,
1612,,,
GREECE,,,
1613,2,3,
ITALY,2,3,
1614,5,3,3
JAPAN,2,,
PORTUGAL,3,3,3
1615,3,1,2
CHILE,2,,2
UKRAINE,1,1,
1616,2,,
JAPAN,2,,
1619,1,,
JAPAN,1,,
1622,,,
GREECE,,,
1624,1,,
ITALY,1,,
1627,3,3,
ITALY,,,
PHILIPPINES,3,3,
1629,5,5,
GREECE,3,3,
INDONESIA,2,2,
1630,,,
GREECE,,,
INDONESIA,,,
1631,4,4,
ITALY,4,4,
1633,7,5,
CHILE,2,2,
GREECE,3,3,
JAPAN,2,,
1634,1,,
CHINA,1,,
1636,3,3,
EAST CHINA SEA,,,
GREECE,3,3,
1638,4,4,
ITALY,4,4,
PHILIPPINES,,,
1640,1,1,
CHINA,,,
GERMANY,,,
JAPAN,1,1,
1641,1,1,
PORTUGAL,1,1,
1642,,,
JAPAN,,,
1643,1,,
SOUTH KOREA,1,,
1644,2,1,
JAPAN,2,1,
1645,4,4,
PHILIPPINES,4,4,
1646,5,,3
INDONESIA,,,
ITALY,2,,3
JAPAN,3,,
TURKEY,,,
1647,2,,
PERU,2,,
1648,,,
INDONESIA,,,
1649,3,,
ITALY,1,,
JAPAN,,,
SOUTH KOREA,2,,
1650,3,3,
GREECE,1,,
JAPAN,2,3,
UKRAINE,,,
1651,,,
PERU,,,
1652,,,
ICELAND,,,
1653,1,,
PHILIPPINES,,,
PORTUGAL,1,,
1655,2,3,
PERU,2,3,
1657,4,3,
CHILE,4,3,
INDONESIA,,,
JAPAN,,,
1659,,,
GREECE,,,
INDONESIA,,,
1660,3,3,
PAPUA NEW GUINEA,3,3,
1661,1,1,1
ITALY,,,
TAIWAN,1,1,1
1662,2,4,
JAPAN,2,4,
1664,4,4,
JAPAN,1,1,
PERU,3,3,
1666,1,,
JAPAN,1,,
1667,4,4,
CROATIA,4,4,
JAPAN,,,
TURKEY,,,
1668,6,6,
CHINA,4,4,
NORTH KOREA,1,1,
PORTUGAL,1,1,
TURKEY,,,
USA,,,
1670,1,,
CHINA,,,
JAPAN,1,,
1671,,,
JAPAN,,,
1672,3,3,
GREECE,,,
ITALY,3,3,
1673,1,1,
INDONESIA,1,1,
1674,3,3,
INDONESIA,3,3,
1675,1,1,
PHILIPPINES,1,1,
1676,3,1,
JAPAN,1,1,
PORTUGAL,2,,
1677,5,5,1
JAPAN,4,5,
PHILIPPINES,1,,1
1678,3,3,
PERU,3,3,
1680,5,7,4
JAPAN,2,3,
SPAIN,3,4,4
1681,,,
CHILE,,,
GREECE,,,
INDONESIA,,,
SOUTH KOREA,,,
1682,,,
CHINA,,,
ITALY,,,
PERU,,,
1686,,,
CHILE,,,
1687,4,1,
CHILE,1,1,
JAPAN,,,
PERU,3,,
1688,3,3,
JAMAICA,,,
TURKEY,3,3,
1689,,,
JAPAN,,,
1690,5,,
ANTIGUA AND BARBUDA,3,,
INDONESIA,,,
ITALY,2,,
PERU,,,
1691,,,
PORTUGAL,,,
1692,,,
JAMAICA,,,
1693,8,3,
ICELAND,,,
ITALY,8,3,
1694,,,
ITALY,,,
TAIWAN,,,
1696,,,
JAPAN,,,
1698,,,
ITALY,,,
JAPAN,,,
1699,,,
ITALY,,,
JAPAN,,,
1700,8,6,
JAPAN,5,6,
SOUTH KOREA,,,
USA,3,,
1703,7,7,
ITALY,3,3,
JAPAN,4,4,
1704,1,1,
JAPAN,1,1,
1705,2,,
CHILE,2,,
1706,3,,
SPAIN,3,,
1707,4,8,
GREECE,,,
ITALY,,,
JAPAN,4,8,
1708,2,,
INDONESIA,1,,
JAPAN,1,,
1710,3,,3
CHINA,,,
INDONESIA,3,,3
1711,4,5,
INDONESIA,1,1,
JAPAN,3,4,
1714,,,
ITALY,,,
MYANMAR (BURMA),,,
1715,1,1,
JAPAN,,,
PERU,1,1,
1716,3,3,
JAPAN,,,
PHILIPPINES,3,3,
1718,,,
JAPAN,,,
1719,,,
ITALY,,,
1721,4,4,
SPAIN,,,
TAIWAN,4,4,
1722,2,1,
INDONESIA,,,
JAPAN,,,
PORTUGAL,2,1,
1723,2,3,
GREECE,2,3,
ITALY,,,
1724,,,
PERU,,,
1725,2,,
FRANCE,,,
PERU,2,,
1726,5,6,
ITALY,3,4,
JAPAN,2,2,
VENEZUELA,,,
1727,,,
ITALY,,,
1730,3,3,
CHILE,3,3,
ITALY,,,
JAPAN,,,
1731,5,,
ITALY,3,,
JAPAN,,,
NORWAY,2,,
1732,3,3,
GREECE,,,
JAPAN,,,
MEXICO,3,3,
1735,2,3,
PHILIPPINES,2,3,
1737,3,5,
CHILE,2,2,
INDIA,,,
RUSSIA,1,3,
1738,2,2,
GREECE,2,2,
1741,3,3,
GREECE,,,
JAPAN,3,3,
1742,,,
CHILE,,,
GREECE,,,
ITALY,,,
RUSSIA,,,
1743,2,,
ITALY,2,,
1744,,,
PHILIPPINES,,,
1746,5,4,
COSTA RICA,1,,
PERU,4,4,
PORTUGAL,,,
1747,1,,
JAPAN,1,,
PHILIPPINES,,,
1748,3,3,
GREECE,3,3,
1749,3,3,
PHILIPPINES,3,3,
1750,6,6,
BULGARIA,3,3,
CROATIA,3,3,
MYANMAR (BURMA),,,
VENEZUELA,,,
1751,10,7,
BARBADOS,,,
CHILE,3,3,
DOMINICAN REPUBLIC,2,,
HAITI,,,
ITALY,1,,
JAPAN,4,4,
PORTUGAL,,,
1752,,,
PORTUGAL,,,
SYRIA,,,
1754,10,9,3
INDONESIA,2,2,2
MEXICO,3,3,
PHILIPPINES,4,4,
TAIWAN,1,,1
TURKEY,,,
1755,7,6,4
PORTUGAL,6,6,4
SPAIN,1,,
UK,,,
USA,,,
1756,2,1,
ITALY,,,
NORWAY,2,1,
PORTUGAL,,,
SPAIN,,,
UK,,,
1757,3,4,
INDONESIA,,,
PORTUGAL,3,4,
UK,,,
1758,,,
GREECE,,,
1759,2,,
ISRAEL,2,,
1760,,,
GERMANY,,,
ITALY,,,
1761,2,3,
PORTUGAL,2,3,
UK,,,
1762,4,1,
BANGLADESH,3,,
JAPAN,1,1,
NORWAY,,,
UK,,,
1763,9,9,
INDONESIA,2,3,
JAPAN,7,6,
UK,,,
1764,,,
PORTUGAL,,,
UK,,,
1765,,4,
CHILE,,,
CHINA,,4,
SWEDEN,,,
1766,11,7,
CUBA,3,3,
JAPAN,3,4,
TURKEY,2,,
VENEZUELA,3,,
1767,,,
CHINA,,,
IRELAND,,,
MARTINIQUE (FRENCH TERRITORY),,,
UK,,,
USA TERRITORY,,,
1768,1,1,
JAPAN,1,1,
PAPUA NEW GUINEA,,,
1769,2,2,
GREECE,,,
HAITI,,,
JAPAN,2,2,
1770,8,6,
HAITI,3,,
INDONESIA,3,3,
PHILIPPINES,2,3,
1771,4,4,
INDONESIA,,,
JAPAN,4,4,
1772,,,
GREECE,,,
1773,4,4,
GUATEMALA,4,4,
INDONESIA,,,
MOROCCO,,,
1774,,,
CANADA,,,
ITALY,,,
(blank),,,
1775,12,2,
CUBA,3,,
FRANCE,,,
HAITI,6,,
INDONESIA,1,,
JAPAN,2,2,
1777,,,
SWEDEN,,,
1778,,,
BALTIC SEA,,,
GREECE,,,
JAPAN,,,
1780,4,1,
JAMAICA,,,
JAPAN,,,
MONTENEGRO,3,,
RUSSIA,1,1,
1781,3,1,1
JAMAICA,,,
JAPAN,1,,
TAIWAN,2,1,1
1782,6,6,
JAPAN,3,3,
TAIWAN,3,3,
1783,15,15,1
ITALY,15,15,1
1784,8,6,
ITALY,2,3,
MEXICO,3,,
PERU,3,3,
1787,5,3,
JAMAICA,,,
MEXICO,5,3,
PORTUGAL,,,
1788,1,1,
IRISH SEA,,,
USA,1,1,
1789,,,
JAPAN,,,
1790,3,3,
ALGERIA,3,3,
USA,,,
1791,5,3,
GREECE,3,3,
JAPAN,2,,
RUSSIA,,,
1792,9,9,1
HOLLAND,,,
JAPAN,4,4,
PORTUGAL,1,,1
RUSSIA,,,
TAIWAN,3,4,
USA,1,1,
1793,5,7,
JAPAN,5,7,
UK,,,
1794,,,
GREECE,,,
1795,2,2,
TRINIDAD AND TOBAGO,2,2,
1796,,,
PHILIPPINES,,,
USA,,,
1797,2,3,
INDONESIA,2,3,
JAPAN,,,
1798,,,
COSTA RICA,,,
FRANCE,,,
1799,2,,2
ICELAND,,,
INDONESIA,,,
JAPAN,2,,2
PERU,,,
1800,,,
PORTUGAL,,,
1802,10,8,2
ALGERIA,3,4,
ANTIGUA AND BARBUDA,,,
CROATIA,,,
INDONESIA,2,,
JAPAN,3,4,
ROMANIA,2,,2
UK,,,
VENEZUELA,,,
1804,8,5,4
GREECE,3,,
ITALY,,,
JAPAN,4,4,3
SPAIN,1,1,1
1805,1,1,1
AUSTRALIA,1,1,1
GREECE,,,
ITALY,,,
1806,2,,
FRENCH POLYNESIA,1,,
ITALY,,,
PERU,1,,
USA,,,
1808,1,,
ITALY,1,,
JAPAN,,,
1809,1,1,
ITALY,,,
PORTUGAL,,,
SOUTH AFRICA,1,1,
USA TERRITORY,,,
1810,10,9,4
GREECE,3,3,3
JAPAN,3,4,
MEXICO,2,1,1
NEW ZEALAND,,,
NORWAY,2,1,
1811,3,,1
CHILE,,,
USA,3,,1
1812,10,,6
FRANCE,,,
JAMAICA,2,,3
USA,5,,3
VENEZUELA,3,,
1813,,,
ITALY,,,
USA,,,
1814,3,,
INDONESIA,3,,
1815,6,6,
INDONESIA,6,6,
1816,3,,
INDONESIA,,,
JAPAN,,,
MEXICO,3,,
PORTUGAL,,,
1817,,,
GREECE,,,
ITALY,,,
USA,,,
1818,6,6,
GREECE,,,
INDONESIA,3,3,
ITALY,,,
MEXICO,3,3,
1819,8,7,
CHILE,3,3,
INDIA,4,4,
ITALY,,,
NORWAY,1,,
USA TERRITORY,,,
1820,11,7,3
CONGO,1,,
GREECE,5,3,3
INDONESIA,2,3,
ITALY,,,
MEXICO,3,,
USA,,1,
1821,4,,
COSTA RICA,,,
GREECE,2,,
INDONESIA,,,
ROMANIA,1,,
UK TERRITORY,1,,
USA,,,
1822,10,5,3
CHILE,4,3,3
COSTA RICA,2,2,
ITALY,,,
LEBANON,,,
TURKEY,4,,
1823,3,,
CROATIA,2,,
INDONESIA,,,
ITALY,,,
MARTINIQUE (FRENCH TERRITORY),1,,
USA,,,
1824,3,3,
GUADELOUPE (FRENCH TERRITORY),,,
MARTINIQUE (FRENCH TERRITORY),1,,
PHILIPPINES,2,3,
1825,5,6,
COLOMBIA,,,
DENMARK,,,
GREECE,3,3,
TRINIDAD AND TOBAGO,,,
USA,,,
USA TERRITORY,2,3,
1826,1,,
ITALY,,,
JAPAN,1,,
NEW ZEALAND,,,
USA,,,
1827,1,,
ECUADOR,,,
RUSSIA,1,,
USA,,,
1828,5,4,1
INDONESIA,,,
ITALY,,,
JAPAN,4,4,
PERU,,,
PHILIPPINES,1,,1
1829,1,,
CHILE,1,,
TURKEY,,,
1830,2,3,
HOLLAND,,,
PHILIPPINES,2,3,
1831,,,
ITALY,,,
NEW ZEALAND,,,
TRINIDAD AND TOBAGO,,,
1832,,,
ITALY,,,
1833,14,13,5
ALBANIA,2,,
CHINA,4,4,
INDONESIA,2,1,1
JAPAN,3,4,4
MEXICO,,,
PERU,3,4,
1834,2,4,
JAPAN,1,2,
MEXICO,1,2,
1835,7,6,3
CHILE,4,3,3
GREECE,,,
JAPAN,3,3,
1836,1,2,
AUSTRALIA,,,
CHILE,,,
INDONESIA,1,2,
ITALY,,,
JAPAN,,,
1837,7,3,
CHILE,3,3,
INDONESIA,2,,
ISRAEL,,,
MEXICO,,,
"MICRONESIA, FED. STATES OF",2,,
NETHERLANDS,,,
USA TERRITORY,,,
1838,3,,4
CHILE,,,
CROATIA,1,,1
ROMANIA,2,,3
1839,2,,
CHILE,,,
JAPAN,,,
MARTINIQUE (FRENCH TERRITORY),2,,
NEW ZEALAND,,,
USA,,,
1840,8,9,
INDONESIA,5,6,
NEW ZEALAND,,,
PERU,,,
PHILIPPINES,3,3,
USA,,,
1841,4,3,
INDONESIA,2,3,
PERU,,,
RUSSIA,2,,
1842,8,7,3
BANGLADESH,1,,
CANADA,,,
GREECE,3,3,3
HAITI,4,4,
1843,11,5,2
CROATIA,2,,2
GREECE,,,
GUADELOUPE (FRENCH TERRITORY),4,,
INDONESIA,3,3,
JAPAN,2,2,
NEW ZEALAND,,,
UK,,,
1844,2,2,2
CROATIA,,,
JAPAN,,,
NICARAGUA,2,2,2
1845,6,5,2
CROATIA,,,
INDIA,2,2,
INDONESIA,2,3,
ITALY,,,
JAPAN,,,
MEXICO,2,,2
NEW ZEALAND,,,
USA,,,
1846,3,,
INDONESIA,,,
ITALY,3,,
JAPAN,,,
NEW ZEALAND,,,
TURKEY,,,
1847,3,2,
CHILE,,,
INDIA,1,2,
ITALY,,,
JAPAN,1,,
PERU,1,,
PORTUGAL,,,
1848,2,3,2
CANADA,,,
FRENCH POLYNESIA,1,,
NEW ZEALAND,1,3,2
RUSSIA,,,
1849,5,4,1
CHILE,1,,1
RUSSIA,1,1,
USA TERRITORY,3,3,
1850,,,
ITALY,,,
JAPAN,,,
NORTHWEST PACIFIC OCEAN,,,
1851,15,10,
ALBANIA,4,4,
CHILE,6,6,
GREECE,1,,
INDONESIA,,,
ITALY,,,
TURKEY,4,,
USA,,,
1852,13,11,1
AUSTRALIA,,,
CUBA,2,,
INDONESIA,5,5,1
ITALY,,,
MEXICO,3,3,
PERU,,,
PHILIPPINES,3,3,
TURKEY,,,
USA,,,
1853,8,4,1
GREECE,2,,
ITALY,,,
JAPAN,,,
MONTENEGRO,2,,1
RUSSIA,,,
TAIWAN,,,
TONGA,1,1,
USA,,,
VENEZUELA,3,3,
1854,16,12,4
COSTA RICA,6,2,2
FRANCE,2,2,2
INDONESIA,,,
JAPAN,8,8,
MEXICO,,,
NORTHWEST PACIFIC OCEAN,,,
RUSSIA,,,
USA,,,
1855,15,8,2
CHILE,,,
CHINA,1,,
FRANCE,,,
HONDURAS,3,,
INDONESIA,1,,
JAPAN,5,4,
NEW ZEALAND,3,3,1
PORTUGAL,,,
TURKEY,,,
USA,2,1,1
1856,18,19,3
ALGERIA,3,2,
GREECE,5,7,
HONDURAS,3,3,
INDONESIA,3,3,
JAPAN,2,3,3
NEW ZEALAND,,,
PORTUGAL,1,1,
USA,1,,
1857,10,9,3
ALGERIA,,,
INDONESIA,4,5,
JAPAN,1,,
PAPUA NEW GUINEA,2,2,
SUDAN,1,,
TURKEY,2,2,3
1858,3,3,
AUSTRALIA,,,
CHILE,,,
GREECE,,,
INDONESIA,3,3,
JAPAN,,,
NEW ZEALAND,,,
UK,,,
1859,12,14,1
AUSTRALIA,,,
CHILE,2,6,
EL SALVADOR,4,3,1
GREECE,,,
INDONESIA,3,2,
TURKEY,2,3,
USA,1,,
1860,7,5,5
HAITI,3,3,3
INDONESIA,,,
MEXICO,,,
PERU,3,2,2
SPAIN,,,
USA,1,,
1861,12,8,2
CHILE,,,
GREECE,2,3,
INDONESIA,8,3,2
JAPAN,2,2,
USA,,,
1862,9,4,1
FRANCE,,,
GHANA,3,3,
GREECE,1,1,
INDONESIA,,,
ITALY,,,
PHILIPPINES,1,,1
RUSSIA,3,,
USA,1,,
1863,7,8,
CANADA,,,
GREECE,3,4,
INDONESIA,,,
JAPAN,,,
PHILIPPINES,4,4,
VANUATU,,,
1864,5,3,
CANADA,,,
HAITI,2,,
INDONESIA,3,3,
1865,6,7,2
JAPAN,,,
PERU,2,1,
PHILIPPINES,2,3,2
TONGA,1,1,
USA,1,2,
1866,7,5,3
ALBANIA,1,1,
AUSTRALIA,,,
GREECE,6,4,3
USA,,,
USA TERRITORY,,,
1867,18,16,10
AUSTRALIA,,,
GREECE,8,9,7
INDONESIA,3,3,
ITALY,1,1,
NORWAY,,,
TAIWAN,2,3,3
USA TERRITORY,4,,
VENEZUELA,,,
1868,10,6,
CHILE,4,,
INDIA,2,,
ITALY,,,
MEXICO,,,
NEW ZEALAND,,,
PERU,1,,
UK,,,
USA,3,6,
USA TERRITORY,,,
VENEZUELA,,,
1869,10,5,7
AUSTRALIA,,,
CHILE,1,,
GREECE,,,
NEW ZEALAND,,,
PERU,3,,3
PHILIPPINES,3,2,3
UKRAINE,1,1,1
USA,2,2,
1870,8,7,2
AUSTRALIA,,,
CANADA,1,1,1
CROATIA,,,
EGYPT,1,,
GREECE,2,3,
GUADELOUPE (FRENCH TERRITORY),1,,1
ITALY,,,
MEXICO,3,3,
NEW ZEALAND,,,
1871,10,8,2
CHILE,3,3,
FRANCE,,,
GREECE,,,
INDONESIA,2,2,
ITALY,,,
MEXICO,,,
NEW ZEALAND,,,
PERU,,,
PHILIPPINES,3,3,
USA,2,,2
1872,6,7,3
ICELAND,,,
JAPAN,2,4,
PERU,,,
PHILIPPINES,1,,
TURKEY,3,3,3
USA,,,
1873,2,2,
CHILE,,,
GREECE,,,
PANAMA,,,
PAPUA NEW GUINEA,2,2,
USA,,,
1874,,,
AUSTRALIA,,,
BANGLADESH,,,
INDONESIA,,,
USA,,,
USA TERRITORY,,,
1875,7,3,2
ITALY,2,,
MEXICO,2,,2
NEW CALEDONIA,3,3,
PAPUA NEW GUINEA,,,
UKRAINE,,,
USA,,,
VANUATU,,,
1876,1,,3
INDIA,,,
INDONESIA,1,,3
ITALY,,,
JAPAN,,,
1877,3,3,
CHILE,3,3,
COLOMBIA,,,
NEW ZEALAND,,,
PERU,,,
USA,,,
VIETNAM,,,
1878,10,7,
CHILE,4,3,
INDONESIA,,,
PAPUA NEW GUINEA,,,
PERU,,,
RUSSIA,,,
TURKEY,2,3,
USA,3,1,
VANUATU,1,,
1879,,,
CHILE,,,
CROATIA,,,
EGYPT,,,
ITALY,,,
NEW ZEALAND,,,
USA,,,
1880,6,6,
AUSTRALIA,,,
CHILE,3,3,
GREECE,,,
ITALY,,,
JAPAN,,,
NEW ZEALAND,,,
NORWAY,,,
PHILIPPINES,3,3,
USA,,,
1881,8,4,7
CHILE,,,
FIJI,,,
GREECE,4,4,4
INDIA,3,,3
JAMAICA,,,
JAPAN,,,
NEW ZEALAND,1,,
TONGA,,,
1882,4,4,
CHILE,,,
CHINA,,,
INDONESIA,,,
NEW ZEALAND,,,
PANAMA,3,3,
SRI LANKA,,,
TAIWAN,1,1,
VIETNAM,,,
1883,8,6,
GREECE,1,,
INDONESIA,4,4,
MEXICO,,,
SAMOA,1,1,
USA,2,1,
1884,6,5,
ERITREA,2,3,
FIJI,1,,
INDIA,,,
INDONESIA,,,
JAPAN,,,
PANAMA,2,2,
URUGUAY,,,
USA,1,,
1885,1,1,
ALGERIA,,,
CHILE,,,
FRANCE,,,
INDONESIA,1,1,
USA,,,
1886,3,4,
BANGLADESH,,,
CHILE,,,
GREECE,3,4,
INDONESIA,,,
NEW ZEALAND,,,
USA,,,
1887,5,3,2
GREECE,,,
HAITI,,,
INDONESIA,,,
ITALY,,,
MEXICO,3,3,
PHILIPPINES,2,,2
USA,,,
1888,10,6,
CHINA,3,3,
GREECE,2,,
INDONESIA,,,
ITALY,,,
NORWAY,2,,
PAPUA NEW GUINEA,3,3,
URUGUAY,,,
1889,6,2,4
INDONESIA,2,2,1
ITALY,2,,
PHILIPPINES,2,,3
TONGA,,,
USA,,,
1890,3,3,
IRAN,3,3,
1891,2,2,
ALGERIA,2,2,
INDONESIA,,,
MEXICO,,,
NEW ZEALAND,,,
USA,,,
1892,8,8,
CHILE,1,,
INDONESIA,5,6,
ITALY,,,
JAPAN,,1,
TONGA,,,
URUGUAY,,,
USA TERRITORY,2,1,
VANUATU,,,
1893,10,9,6
ALBANIA,3,,
GREECE,5,6,6
JAMAICA,,,
JAPAN,,,
PHILIPPINES,2,3,
RUSSIA,,,
VANUATU,,,
1894,13,8,4
ATLANTIC OCEAN,,,
GREECE,3,,
ITALY,3,,
JAPAN,2,4,2
MEXICO,,,
TUNISIA,1,,
TURKEY,3,3,2
USA,1,1,
1895,9,5,
CHILE,1,,
ITALY,,,
JAPAN,,,
NEW ZEALAND,,,
PAPUA NEW GUINEA,2,2,
TURKMENISTAN,3,3,
USA,3,,
1896,7,7,1
GREECE,,,
ICELAND,,,
INDONESIA,1,,1
ITALY,,,
JAMAICA,2,3,
JAPAN,4,4,
USA,,,
1897,19,15,8
DOMINICAN REPUBLIC,2,1,3
GREECE,,,
INDIA,4,4,4
INDONESIA,,,
JAPAN,3,3,
MEXICO,2,2,
MONTSERRAT,,,
NEW ZEALAND,,,
PHILIPPINES,6,4,1
SOLOMON ISLANDS,1,1,
USA,1,,
1898,8,6,
CHILE,2,2,
GREECE,3,1,
JAPAN,3,3,
USA,,,
1899,20,7,7
AUSTRALIA,,,
CHILE,3,,
GREECE,2,1,3
INDONESIA,3,,
JAPAN,1,,
PAPUA NEW GUINEA,4,6,
PORTUGAL,2,,1
USA,4,,
VIETNAM,1,,3
1900,10,7,4
INDONESIA,1,1,
MEXICO,4,3,
PAPUA NEW GUINEA,1,,1
USA,1,,
VENEZUELA,3,3,3
1901,13,5,2
BULGARIA,3,4,
JAPAN,5,1,
NEW CALEDONIA,2,,
NICARAGUA,1,,
PHILIPPINES,2,,2
USA,,,
1902,15,6,
EL SALVADOR,3,,
GREECE,,,
GUATEMALA,5,1,
MARTINIQUE (FRENCH TERRITORY),3,2,
MEXICO,,,
PHILIPPINES,3,3,
SAINT VINCENT AND THE GRENADINES,1,,
1903,3,2,2
CANADA,,,1
CHILE,2,2,
INDONESIA,,,
ITALY,,,
MEXICO,,,
TAIWAN,,,
USA,,,
USA TERRITORY,1,,1
1904,1,,
COLOMBIA,,,
COOK ISLANDS,,,
INDONESIA,1,,
NEW ZEALAND,,,
PANAMA,,,
RUSSIA,,,
USA,,,
1905,19,14,
CANADA,2,1,
COSTA RICA,1,,
GEORGIA,,,
GREECE,2,,
INDIA,4,4,
ITALY,4,4,
JAPAN,,,
MEXICO,,,
NEW ZEALAND,,,
NORWAY,2,2,
PHILIPPINES,1,,
RUSSIA,,,
SAMOA,3,3,
TOGO,,,
TUNISIA,,,
USA,,,
VANUATU,,,
1906,13,9,
CHILE,4,,
COLOMBIA,,,
ECUADOR,3,3,
EL SALVADOR,,,
GHANA,2,3,
ITALY,,,
"MARSHALL ISLANDS, REP. OF",,,
PAPUA NEW GUINEA,4,3,
PERU,,,
SAMOA,,,
USA,,,
VENEZUELA,,,
1907,17,18,
INDONESIA,3,3,
ITALY,2,3,
JAMAICA,4,3,
MEXICO,2,3,
PAPUA NEW GUINEA,2,3,
SAMOA,3,3,
TONGA,,,
USA,1,,
1908,8,5,1
CANADA,2,1,1
INDONESIA,1,,
ITALY,4,4,
PERU,,,
UKRAINE,,,
USA,1,,
1909,18,12,
CHILE,,,
COOK ISLANDS,2,,
INDONESIA,3,3,
JAPAN,5,3,
MEXICO,3,3,
RUSSIA,,,
USA,1,,
USA TERRITORY,2,,
VANUATU,2,3,
1910,7,2,1
INDONESIA,1,,1
NEW ZEALAND,1,,
PAPUA NEW GUINEA,,,
PHILIPPINES,1,,
USA,2,2,
VANUATU,2,,
1911,14,10,8
ALBANIA,,,
CHILE,,,
JAPAN,3,3,
MEXICO,3,4,4
PAPUA NEW GUINEA,,,
PHILIPPINES,6,3,4
TOGO,1,,
TRINIDAD AND TOBAGO,,,
USA,1,,
1912,8,4,4
GREECE,2,,
JAPAN,1,,
"MICRONESIA, FED. STATES OF",,,
TURKEY,4,4,4
USA,1,,
1913,8,8,6
INDONESIA,2,3,
NEW ZEALAND,1,1,
PANAMA,1,1,3
PAPUA NEW GUINEA,,,
PERU,3,3,3
USA,1,,
1914,11,11,2
CANADA,,,
GREECE,3,3,2
INDONESIA,3,4,
ITALY,,,
JAPAN,3,4,
NEW ZEALAND,2,,
PERU,,,
1915,5,3,3
EL SALVADOR,,,
GREECE,3,3,2
INDONESIA,,,
JAPAN,1,,
PAPUA NEW GUINEA,,,
PHILIPPINES,1,,1
USA TERRITORY,,,
1916,9,1,2
COSTA RICA,,,
DOMINICAN REPUBLIC,2,,
ITALY,4,,1
NORWAY,1,,
PANAMA,1,,
PAPUA NEW GUINEA,1,1,1
VENEZUELA,,,
1917,11,7,
CANADA,,,
CHINA,1,,
FRENCH POLYNESIA,1,,
INDONESIA,4,2,
NEW ZEALAND,,,
PAPUA NEW GUINEA,,,
PHILIPPINES,2,2,
RUSSIA,,,
SAMOA,2,3,
TAIWAN,,,
USA,1,,
1918,16,9,1
CHILE,3,3,
CHINA,5,4,
ICELAND,1,,
INDONESIA,,,
PHILIPPINES,3,,
RUSSIA,2,2,1
USA TERRITORY,2,,
1919,8,3,4
INDONESIA,3,2,
ITALY,1,1,3
NICARAGUA,,,
PAPUA NEW GUINEA,1,,1
PHILIPPINES,,,
TONGA,,,
UKRAINE,,,
USA,1,,
VENEZUELA,2,,
1920,7,6,2
ALBANIA,3,3,
CHILE,2,2,2
CHINA,,,
INDONESIA,,,
PAPUA NEW GUINEA,1,1,
USA TERRITORY,,,
VANUATU,1,,
1921,5,5,1
CHINA,2,3,
INDONESIA,2,1,1
PHILIPPINES,1,1,
USA,,,
1922,10,7,4
AUSTRALIA,,,
CHILE,3,3,
GREECE,,,
INDONESIA,,,
NEW ZEALAND,,,
PAPUA NEW GUINEA,1,1,
PERU,,,
PHILIPPINES,4,,4
TAIWAN,2,3,
USA,,,
1923,15,11,2
CHILE,2,2,2
JAPAN,4,4,
KOREA,2,,
PAPUA NEW GUINEA,,,
PHILIPPINES,,,
RUSSIA,5,5,
USA,1,,
VIETNAM,1,,
1924,7,5,
AUSTRALIA,,,
COSTA RICA,,,
ICELAND,,,
NEW ZEALAND,1,,
PHILIPPINES,6,5,
RUSSIA,,,
USA,,,
1925,10,8,
CHILE,,,
INDONESIA,,,
ITALY,,,
MEXICO,2,,
"MICRONESIA, FED. STATES OF",3,3,
PHILIPPINES,4,5,
USA,1,,
1926,14,6,5
CHILE,,,
COOK ISLANDS,2,2,
GREECE,,,
INDONESIA,2,,
ITALY,3,1,2
NEW ZEALAND,,,
PORTUGAL,4,3,1
SOLOMON ISLANDS,3,,2
SOUTH KOREA,,,
UK,,,
USA,,,
1927,21,12,9
CHILE,,,
INDONESIA,3,3,
ISRAEL,3,,
JAPAN,5,4,4
MEXICO,,,
NORWAY,,,
RUSSIA,,,
UKRAINE,6,4,4
USA,4,1,1
1928,22,21,3
CANADA,,,
CHILE,3,3,
GREECE,8,8,3
INDONESIA,2,2,
JAPAN,,,
MEXICO,2,,
PERU,3,3,
PHILIPPINES,4,5,
TONGA,,,
TURKEY,,,
VENEZUELA,,,
1929,12,9,3
CANADA,3,,
CHILE,,,
INDONESIA,,,
JAPAN,,,
NEW ZEALAND,3,3,
PHILIPPINES,2,3,
USA,1,,
VENEZUELA,3,3,3
1930,15,9,3
CHILE,,,
CHINA,1,,
INDONESIA,,,
ITALY,5,3,
KENYA,,,
MYANMAR (BURMA),3,3,3
NORWAY,2,,
PAPUA NEW GUINEA,2,3,
PORTUGAL,1,,
SPAIN,,,
USA,1,,
1931,10,4,
CHILE,,,
CUBA,1,,
INDONESIA,1,,
JAPAN,,1,
NEW ZEALAND,4,,
PAPUA NEW GUINEA,,,
PORTUGAL,1,,
SOLOMON ISLANDS,3,3,
UK,,,
USA,,,
1932,18,12,7
CUBA,3,,
GREECE,4,4,4
INDONESIA,3,2,3
ITALY,,,
MEXICO,8,6,
NEW ZEALAND,,,
USA,,,
VENEZUELA,,,
1933,17,7,2
CHILE,,,
ECUADOR,,,
GREECE,3,2,2
JAPAN,4,4,
MEXICO,2,1,
PAPUA NEW GUINEA,1,,
PHILIPPINES,3,,
RUSSIA,,,
TOGO,,,
USA,4,,
1934,11,10,
CHILE,2,3,
ICELAND,,,
MEXICO,,,
NEPAL,4,4,
NORWAY,2,,
PANAMA,1,2,
PAPUA NEW GUINEA,,,
PHILIPPINES,1,,
SOLOMON ISLANDS,,,
USA,1,1,
1935,13,13,
CHINA,2,3,
INDONESIA,2,2,
JAPAN,,,
PAKISTAN,4,4,
PAPUA NEW GUINEA,,,
PORTUGAL,1,,
TURKEY,3,4,
USA,1,,
1936,8,6,
CHILE,2,3,
INDONESIA,4,3,
JAPAN,,,
NAURU,,,
NEW CALEDONIA,1,,
NEW ZEALAND,,,
NORWAY,1,,
RUSSIA,,,
USA,,,
1937,4,4,
INDONESIA,,,
PAPUA NEW GUINEA,1,1,
PHILIPPINES,3,3,
RUSSIA,,,
USA,,,
1938,10,7,2
AUSTRALIA,,,
CANADA,,,
CONGO,,,
INDONESIA,6,4,1
JAPAN,3,2,
NORWAY,,,
PAPUA NEW GUINEA,1,1,1
USA,,,
1939,21,24,
CHILE,4,4,
CUBA,,,
GHANA,3,4,
GRENADA,,,
INDONESIA,2,3,
ITALY,,,
JAPAN,3,4,
PAPUA NEW GUINEA,2,3,
PHILIPPINES,,,
PORTUGAL,2,,
SOLOMON ISLANDS,2,2,
TURKEY,3,4,
1940,7,4,
CHILE,,,
ITALY,,,
JAPAN,2,1,
NORWAY,2,,
PERU,3,3,
1941,16,9,3
ATLANTIC OCEAN,,,
COSTA RICA,3,3,
CYPRUS,2,,
INDIA,4,4,
ITALY,,,
JAPAN,1,1,
MEXICO,3,,
PAPUA NEW GUINEA,2,1,3
SPAIN,,,
USA,1,,
1942,5,3,
COLOMBIA,2,,
NEW CALEDONIA,,,
PERU,3,3,
1943,1,1,
CHILE,1,1,
JAPAN,,,
1944,8,9,4
ITALY,1,1,
JAPAN,3,4,4
TURKEY,4,4,
USA,,,
1945,8,5,
JAPAN,4,5,
PAKISTAN,4,,
1946,17,10,3
CANADA,1,,
CHILE,3,,
DOMINICAN REPUBLIC,3,3,
JAPAN,4,4,
PERU,2,,3
RUSSIA,,,
USA,4,3,
1947,6,5,
GREECE,4,4,
JAPAN,1,,
NEW ZEALAND,1,1,
USA,,,
1948,10,9,9
CHILE,,,
CHINA,1,1,1
GREECE,4,3,5
INDONESIA,,,
JAPAN,,,
MEXICO,3,2,
PHILIPPINES,2,3,3
TONGA,,,
1949,14,5,4
CANADA,,,
CHILE,2,,
GREECE,4,3,4
INDONESIA,,,
PAPUA NEW GUINEA,,,
PHILIPPINES,2,2,
RUSSIA,,,
USA,6,,
1950,16,9,4
CHILE,,,
COSTA RICA,1,,
GUATEMALA,3,3,
INDIA,3,,
INDONESIA,3,3,3
MEXICO,3,,
NEW ZEALAND,,,
NORWAY,,,
PANAMA,,,
PERU,2,2,
SOLOMON ISLANDS,,,
VANUATU,,,
VENEZUELA,1,1,1
1951,9,6,
CHINA,,,
NICARAGUA,3,2,
PAPUA NEW GUINEA,1,,
SOLOMON ISLANDS,,,
TAIWAN,3,4,
USA,2,,
1952,11,7,
COSTA RICA,,,
GREENLAND,1,,
JAPAN,6,7,
NORWAY,,,
PHILIPPINES,1,,
RUSSIA,2,,
USA,1,,
VANUATU,,,
1953,18,12,5
AUSTRALIA,1,,
CHILE,4,,
CYPRUS,2,3,
DOMINICAN REPUBLIC,,,
FIJI,2,2,1
GREECE,4,4,4
JAPAN,1,,
PAPUA NEW GUINEA,2,,
PERU,2,3,
RUSSIA,,,
USA,,,
1954,6,7,
ALGERIA,3,4,
ARGENTINA,,,
CHINA,3,3,
GREENLAND,,,
ITALY,,,
JAPAN,,,
USA,,,
1955,6,4,5
CHILE,1,1,
CHINA,,,
GREECE,4,3,4
INDIA,,,
PAPUA NEW GUINEA,,,
VENEZUELA,1,,1
1956,4,,
CHILE,1,,
GREECE,3,,
JAPAN,,,
NEW ZEALAND,,,
RUSSIA,,,
1957,7,4,
CHILE,,,
INDONESIA,,,
MEXICO,4,3,
SOLOMON ISLANDS,,,
USA,3,1,
1958,5,3,
CANADA,,,
CHINA,,,
ECUADOR,2,2,
INDONESIA,,,
PACIFIC OCEAN,,,
PERU,,,
RUSSIA,2,,
USA,1,1,
VANUATU,,,
1959,8,,4
GREECE,,,
JAPAN,,,
NORWAY,1,,
PERU,1,,1
RUSSIA,,,
SOLOMON ISLANDS,3,,1
USA,3,,2
1960,12,7,
CHILE,5,4,
JAPAN,1,,
MOROCCO,4,3,
PAPUA NEW GUINEA,,,
PERU,2,,
1961,5,4,1
CHILE,1,,
COLOMBIA,,,
ITALY,,,
JAPAN,2,3,
RUSSIA,,,
SOLOMON ISLANDS,1,1,1
TURKEY,,,
VANUATU,1,,
1962,7,8,
CROATIA,2,4,
GREECE,,,
JAPAN,,,
MEXICO,4,4,
PANAMA,1,,
USA,,,
1963,13,7,9
CANADA,2,,
GREECE,1,1,
INDONESIA,1,,1
ITALY,3,3,3
PERU,2,,2
RUSSIA,,,
TAIWAN,2,2,
TONGA,,,
TURKEY,2,1,3
1964,14,10,
INDONESIA,3,3,
JAPAN,6,4,
PAPUA NEW GUINEA,1,,
RUSSIA,,,
USA,4,3,
1965,19,15,7
CHILE,3,3,
GREECE,6,5,3
GRENADA,,,
INDONESIA,2,4,
JAPAN,,,
MEXICO,1,,1
PHILIPPINES,1,1,
RUSSIA,,,
USA,3,1,1
VANUATU,3,1,2
1966,9,8,
CHILE,1,3,
NORWAY,2,,
PERU,4,3,
RUSSIA,,,
SOLOMON ISLANDS,,,
TAIWAN,2,2,
1967,13,10,
ANTARCTICA,,,
CHILE,2,2,
ICELAND,,,
INDONESIA,5,6,
PAPUA NEW GUINEA,,,
PERU,,,
RUSSIA,,,
USA,,,
USA TERRITORY,2,2,
VENEZUELA,4,,
1968,24,17,7
CHILE,1,,
GREECE,1,3,4
INDONESIA,4,3,
ITALY,,,
JAPAN,6,6,
MEXICO,4,,
NEW ZEALAND,,,
PHILIPPINES,3,1,3
RUSSIA,,,
TURKEY,3,4,
VENEZUELA,2,,
1969,16,14,8
ATLANTIC OCEAN,,,
CHINA,4,4,4
EGYPT,3,3,
GUADELOUPE (FRENCH TERRITORY),,,
INDONESIA,3,4,
JAPAN,,,
PAPUA NEW GUINEA,,,
PHILIPPINES,,,
PORTUGAL,2,3,4
RUSSIA,2,,
SOUTH AFRICA,2,,
SWEDEN,,,
1970,14,11,
CHILE,,,
JAPAN,1,,
NEW ZEALAND,,,
PAPUA NEW GUINEA,2,3,
PERU,4,3,
PHILIPPINES,4,3,
RUSSIA,2,2,
USA,1,,
1971,12,5,1
CHILE,4,3,
JAPAN,1,,
PAPUA NEW GUINEA,4,,
PERU,2,2,
RUSSIA,1,,1
SOLOMON ISLANDS,,,
USA,,,
1972,5,1,
CHILE,,,
JAPAN,1,,
PAPUA NEW GUINEA,1,,
PHILIPPINES,1,,
TAIWAN,1,1,
USA,1,,
1973,6,3,
CHILE,,,
INDONESIA,,,
JAPAN,2,1,
MEXICO,2,2,
PHILIPPINES,1,,
RUSSIA,1,,
1974,9,9,
CANADA,,,
CHILE,,,
JAPAN,2,3,
PAKISTAN,2,3,
PAPUA NEW GUINEA,,,
PERU,3,3,
RUSSIA,,,
SOLOMON ISLANDS,2,,
1975,13,5,
ATLANTIC OCEAN,1,,
CANADA,2,,
CHILE,1,,
FIJI,,,
INDONESIA,1,2,
PAPUA NEW GUINEA,3,2,
PHILIPPINES,1,1,
RUSSIA,2,,
SAMOA,,,
USA,2,,
1976,9,4,4
GUATEMALA,4,4,4
NEW ZEALAND,,,
PANAMA,1,,
PHILIPPINES,4,,
RUSSIA,,,
1977,12,,
INDONESIA,2,,
PAPUA NEW GUINEA,,,
SAMOA,1,,
SOLOMON ISLANDS,7,,
TONGA,2,,
1978,20,6,4
GREECE,4,,
INDIA,,,
ITALY,3,,
JAPAN,7,6,3
MEXICO,2,,
NEW ZEALAND,,,
NORWAY,3,,
PHILIPPINES,,,
RUSSIA,,,
SPAIN,,,
TAIWAN,,,
VIETNAM,1,,1
1979,23,17,3
COLOMBIA,3,4,
FIJI,2,,
FRANCE,1,,2
GREECE,,,
INDONESIA,6,6,
JAPAN,,,
MEXICO,4,3,
MONTENEGRO,4,4,
NORWAY,1,,1
USA,1,,
VENEZUELA,1,,
1980,9,8,
ALGERIA,4,4,
JAPAN,2,,
PORTUGAL,3,4,
RUSSIA,,,
SOLOMON ISLANDS,,,
USA,,,
1981,7,5,2
GREECE,4,4,
INDONESIA,,,
JAPAN,,,
MEXICO,2,,2
NEW ZEALAND,,,
SAMOA,1,1,
SOUTH AFRICA,,,
1982,4,4,
INDONESIA,2,4,
JAPAN,2,,
PHILIPPINES,,,
TONGA,,,
1983,16,8,
CHILE,2,1,
COSTA RICA,2,,
GREECE,1,,
INDONESIA,,,
JAPAN,5,4,
NORWAY,1,,
PAPUA NEW GUINEA,2,,
PHILIPPINES,2,3,
RUSSIA,,,
UK TERRITORY,1,,
USA,,,
1984,2,,3
CAMEROON,,,
GREECE,1,,
INDONESIA,1,,3
JAPAN,,,
RUSSIA,,,
1985,14,9,
CHILE,4,4,
CHINA,2,,
GUADELOUPE (FRENCH TERRITORY),2,,
INDONESIA,,,
MEXICO,4,4,
PAPUA NEW GUINEA,2,1,
1986,3,,2
CAMEROON,,,
NEW ZEALAND,,,
TAIWAN,1,,
USA,2,,2
1987,10,3,
CHILE,2,,
INDONESIA,,,
JAPAN,2,,
NEW ZEALAND,1,,
NORWAY,,,
PAPUA NEW GUINEA,4,3,
SOLOMON ISLANDS,,,
TONGA,,,
USA,1,,
VANUATU,,,
1988,8,2,
BANGLADESH,6,,
CHILE,,,
ITALY,,,
PAPUA NEW GUINEA,,,
PHILIPPINES,,,
SOLOMON ISLANDS,1,2,
USA,1,,
1989,6,3,
ALGERIA,2,,
AUSTRALIA,,,
JAPAN,,,
USA,4,3,
USA TERRITORY,,,
1990,12,5,4
COSTA RICA,2,1,1
IRAN,4,4,
ITALY,4,,
JAPAN,,,
PHILIPPINES,1,,3
TAIWAN,1,,
USA TERRITORY,,,
1991,5,3,
CHINA,,,
COSTA RICA,4,3,
GREECE,,,
RUSSIA,,,
SOLOMON ISLANDS,1,,
USA,,,
1992,15,9,
CHINA,1,,
INDONESIA,4,4,
JAPAN,,,
NICARAGUA,4,4,
PHILIPPINES,1,1,
SOLOMON ISLANDS,,,
USA,5,,
1993,9,6,2
JAPAN,4,4,
NEW ZEALAND,,,
RUSSIA,,,
USA TERRITORY,4,,
WALLIS AND FUTUNA (FRENCH TERRITORY),1,2,2
1994,31,13,12
INDONESIA,6,4,6
JAPAN,4,,
NORWAY,1,,
PAPUA NEW GUINEA,4,1,
PHILIPPINES,2,4,4
RUSSIA,3,,
TAIWAN,2,,2
USA,9,4,
1995,23,12,4
CHILE,2,3,
EGYPT,2,1,
GREECE,4,,
INDONESIA,1,2,
JAPAN,5,4,4
MEXICO,4,2,
NEW CALEDONIA,,,
PAPUA NEW GUINEA,1,,
PHILIPPINES,,,
RUSSIA,4,,
SAMOA,,,
1996,12,8,5
CHILE,,,
GREECE,1,,
INDONESIA,4,7,
JAPAN,1,,
MEXICO,,,
PERU,5,1,5
RUSSIA,1,,
SWITZERLAND,,,
TAIWAN,,,
USA,,,
1997,7,1,
AUSTRALIA,,,
HONDURAS,1,,
JAPAN,,,
MONTSERRAT,,,
NEW CALEDONIA,,,
RUSSIA,1,,
SOLOMON ISLANDS,1,1,
TONGA,,,
VENEZUELA,4,,
1998,9,6,2
ANTARCTICA,,,
INDONESIA,4,3,
JAPAN,,,
NORWAY,2,,2
PAPUA NEW GUINEA,3,3,
TAIWAN,,,
1999,8,3,5
FRENCH POLYNESIA,1,,1
MONTSERRAT,,,
TURKEY,4,,4
VANUATU,3,3,
2000,14,11,1
AUSTRALIA,,,
GREECE,,,
GREENLAND,1,1,
INDONESIA,4,4,
JAPAN,3,,1
PAPUA NEW GUINEA,2,3,
PHILIPPINES,3,3,
RUSSIA,,,
USA,1,,
2001,8,8,4
CANADA,,,
EL SALVADOR,4,4,4
PERU,4,4,
TAIWAN,,,
2002,16,7,14
GREECE,1,,
INDIA,2,1,1
INDONESIA,3,3,3
ITALY,2,,2
JAPAN,,,
NEW ZEALAND,,,
PAPUA NEW GUINEA,3,1,3
PHILIPPINES,2,,3
TAIWAN,2,2,
VANUATU,1,,2
2003,21,11,10
ALGERIA,6,7,4
ANTARCTICA,1,,
CHINA,2,,
GREECE,2,,2
JAPAN,4,,
MEXICO,3,4,4
MONTSERRAT,1,,
NEW CALEDONIA,,,
NEW ZEALAND,1,,
SOLOMON ISLANDS,,,
USA,1,,
2004,15,10,11
AUSTRALIA,,,
CANADA,,,
FRANCE,,,
GUADELOUPE (FRENCH TERRITORY),2,3,
INDONESIA,7,7,8
JAPAN,4,,1
JORDAN,2,,2
NEW ZEALAND,,,
2005,5,4,
CANADA,,,
GUADELOUPE (FRENCH TERRITORY),,,
INDONESIA,4,3,
JAPAN,1,1,
USA,,,
2006,17,9,
INDONESIA,6,7,
JAPAN,,,
MONTSERRAT,1,,
RUSSIA,2,,
SAMOA,,,
SOUTH KOREA,,,
SPAIN,4,,
TAIWAN,1,2,
TONGA,1,,
USA,2,,
2007,28,26,10
BULGARIA,1,,
CANADA,1,,
CHILE,4,4,1
CHINA,2,1,
INDONESIA,3,4,
JAPAN,6,7,
KERMADEC ISLANDS,,,
MARTINIQUE (FRENCH TERRITORY),,,
NEW ZEALAND,,,
PAPUA NEW GUINEA,1,1,
PERU,4,4,4
RUSSIA,1,1,1
SOLOMON ISLANDS,3,4,3
SOUTH KOREA,2,,1
USA,,,
VANUATU,,,
2008,17,4,11
CHINA,5,4,
INDONESIA,4,,5
JAPAN,6,,6
NEW CALEDONIA,,,
SOUTH AFRICA,1,,
SOUTH KOREA,,,
USA,1,,
VANUATU,,,
2009,28,10,15
CHINA,,,
EAST CHINA SEA,2,,
GREECE,,,
HONDURAS,4,3,1
INDIA,,,
INDONESIA,12,3,14
JAPAN,3,4,
NEW ZEALAND,1,,
RUSSIA,,,
SAMOA,4,,
TONGA,,,
USA,2,,
VANUATU,,,
2010,16,9,10
CHILE,5,,4
COOK ISLANDS,,,
HAITI,4,4,4
INDIA,,,
INDONESIA,4,3,
JAPAN,,,
PERU,1,1,
SOLOMON ISLANDS,1,1,2
SOUTH KOREA,,,
USA TERRITORY,,,
VANUATU,1,,
2011,10,8,4
CHILE,,,
JAPAN,5,4,4
NEW CALEDONIA,,,
NEW ZEALAND,4,4,
NORWAY,1,,
UK,,,
USA,,,
VANUATU,,,
2012,15,10,6
CANADA,,,
CHINA,,,
COSTA RICA,4,2,
EL SALVADOR,1,,
GREENLAND,,,
GUATEMALA,4,4,4
INDONESIA,1,,2
JAPAN,,,
MEXICO,4,3,
PHILIPPINES,1,1,
VANUATU,,,
2013,15,7,11
ANTARCTICA,,,
GREECE,1,,1
JAPAN,,,
MEXICO,,,
NEW ZEALAND,5,,3
PAKISTAN,4,4,4
RUSSIA,,,
SOLOMON ISLANDS,4,3,3
USA,1,,
2014,14,2,9
CHILE,5,,4
EL SALVADOR,1,1,1
GREECE,4,1,2
GREENLAND,1,,
ICELAND,,,
INDONESIA,,,
JAPAN,1,,
MEXICO,1,,2
NEW ZEALAND,,,
PAPUA NEW GUINEA,,,
SOLOMON ISLANDS,,,
SPAIN,1,,
UKRAINE,,,
USA,,,
2015,12,5,8
CHILE,4,4,4
CHINA,2,,
GREECE,2,1,2
JAPAN,,,
NORWAY,1,,
PAPUA NEW GUINEA,1,,1
SCOTLAND,1,,
SOLOMON ISLANDS,,,
USA,,,
VANUATU,1,,1
2016,12,9,9
CHILE,1,,
ECUADOR,4,4,4
INDONESIA,,,
JAPAN,1,,
MOROCCO,1,1,1
NEW CALEDONIA,,,
NEW ZEALAND,4,1,1
NICARAGUA,,,
PAPUA NEW GUINEA,,,
SOLOMON ISLANDS,1,3,3
UK TERRITORY,,,
VANUATU,,,
2017,17,15,12
CHILE,,,
COLOMBIA,1,1,1
FIJI,,,
GREECE,2,1,3
GREENLAND,1,1,1
IRAN,3,2,
KERMADEC ISLANDS,,,
MEXICO,4,4,4
NETHERLANDS,1,,
NEW CALEDONIA,,,
PAPUA NEW GUINEA,1,3,
PHILIPPINES,1,1,1
RUSSIA,,,
TURKEY,2,1,1
USA,,,
VIETNAM,1,1,1
2018,30,17,27
FIJI,,,
GREECE,2,,3
HONDURAS,1,,1
INDONESIA,17,14,19
JAPAN,,,
NEW CALEDONIA,1,,1
PAPUA NEW GUINEA,,,
PERU,,,
RUSSIA,,,
SPAIN,1,,
USA,6,3,
VENEZUELA,2,,3
2019,9,2,8
CHILE,,,
INDONESIA,3,1,4
ITALY,,,
JAPAN,4,,3
NEW ZEALAND,,,
PAPUA NEW GUINEA,1,1,1
USA,1,,
2020,15,6,15
CANADA,,,
CHILE,,,
CUBA,2,1,3
GREECE,,,
INDONESIA,,,
MEXICO,4,,4
NEW ZEALAND,,,
RUSSIA,,,
SPAIN,,,
TURKEY,4,2,4
USA,1,,
USA TERRITORY,4,3,4
2021,17,7,18
ALGERIA,1,,1
ANTARCTICA,,,
GREECE,1,,1
HAITI,4,4,4
INDONESIA,3,,4
ITALY,,,
JAPAN,4,3,4
MEXICO,4,,4
NEW CALEDONIA,,,
NEW ZEALAND,,,
PHILIPPINES,,,
SAINT VINCENT AND THE GRENADINES,,,
UK TERRITORY,,,
USA,,,
2022,24,13,15
CHILE,1,,
ITALY,,,
JAPAN,4,3,4
MEXICO,6,3,4
NEW CALEDONIA,,,
NEW ZEALAND,1,,
PHILIPPINES,6,3,4
SOLOMON ISLANDS,2,1,
TONGA,4,3,3
USA,,,
2023,12,9,14
GREENLAND,,,
INDONESIA,3,1,3
JAPAN,2,1,3
KERMADEC ISLANDS,,,
NEW CALEDONIA,,,
NEW ZEALAND,,,
PHILIPPINES,3,3,4
TURKEY,4,4,4
USA,,,
VANUATU,,,
2024,6,7,7
JAPAN,4,4,4
TAIWAN,2,3,3
(blank),,,
(blank),,,
Grand Total,2808,1868,653
